{
  "experiment": "Exp 6 Phase 4: 5-Customer Universality (25 qubits)",
  "instances": {
    "P1": {
      "label": "5c-compact-center [16,23,28,38,12]",
      "node_ids": [
        16,
        23,
        28,
        38,
        12
      ],
      "optimal_cost": 3981.3419999999996
    },
    "P2": {
      "label": "5c-compact-east [3,15,37,42,33]",
      "node_ids": [
        3,
        15,
        37,
        42,
        33
      ],
      "optimal_cost": 6344.84
    },
    "P3": {
      "label": "5c-spread [1,10,46,47,36]",
      "node_ids": [
        1,
        10,
        46,
        47,
        36
      ],
      "optimal_cost": 21451.543999999998
    },
    "P4": {
      "label": "5c-spread-diag [20,13,9,40,5]",
      "node_ids": [
        20,
        13,
        9,
        40,
        5
      ],
      "optimal_cost": 15283.398
    },
    "P5": {
      "label": "5c-mixed [17,7,44,20,33]",
      "node_ids": [
        17,
        7,
        44,
        20,
        33
      ],
      "optimal_cost": 12428.462000000001
    }
  },
  "configs": [
    {
      "reps": 2,
      "optimizer": "ADAM",
      "maxiter": 30,
      "restarts": 1
    }
  ],
  "cold_start": {
    "reps=2_ADAM_maxiter=30|P1": {
      "cost": 3981.3419999999996,
      "gap_pct": 0.0,
      "found_optimal": true,
      "valid_frac": 0.00022,
      "wall_time": 24.408770084381104,
      "params": [
        2.353304971691044,
        5.9735141613602165,
        4.599253580133889,
        3.761482191925223
      ]
    },
    "reps=2_ADAM_maxiter=30|P2": {
      "cost": 6465.589,
      "gap_pct": 1.9031055156631183,
      "found_optimal": false,
      "valid_frac": 0.00014,
      "wall_time": 599.149701833725,
      "params": [
        2.357852004285669,
        5.981882702147495,
        4.595968927918772,
        3.7576709724591604
      ]
    },
    "reps=2_ADAM_maxiter=30|P3": {
      "cost": 22996.593,
      "gap_pct": 7.202507194820115,
      "found_optimal": false,
      "valid_frac": 0.00014,
      "wall_time": 612.8055171966553,
      "params": [
        2.3591248856384817,
        5.973880275917313,
        4.594274179808153,
        3.7601091452727666
      ]
    },
    "reps=2_ADAM_maxiter=30|P4": {
      "cost": 15669.481000000002,
      "gap_pct": 2.5261594312992592,
      "found_optimal": false,
      "valid_frac": 0.00024,
      "wall_time": 26.41935896873474,
      "params": [
        2.353304971691044,
        5.9735141613602165,
        4.599253580133889,
        3.761482191925223
      ]
    },
    "reps=2_ADAM_maxiter=30|P5": {
      "cost": 12811.532000000001,
      "gap_pct": 3.0821995513201847,
      "found_optimal": false,
      "valid_frac": 0.00018,
      "wall_time": 603.2690176963806,
      "params": [
        2.354366355770319,
        5.980579034277085,
        4.5963171296012515,
        3.7676243792697144
      ]
    }
  },
  "universality": {
    "reps=2_ADAM_maxiter=30|P1\u2192P2": {
      "cost": 6379.812,
      "gap_pct": 0.5511880520233725,
      "found_optimal": false,
      "valid_frac": 0.00018
    },
    "reps=2_ADAM_maxiter=30|P1\u2192P3": {
      "cost": 22622.843,
      "gap_pct": 5.460208365421169,
      "found_optimal": false,
      "valid_frac": 0.00014
    },
    "reps=2_ADAM_maxiter=30|P1\u2192P4": {
      "cost": 15669.481000000002,
      "gap_pct": 2.5261594312992592,
      "found_optimal": false,
      "valid_frac": 0.00024
    },
    "reps=2_ADAM_maxiter=30|P1\u2192P5": {
      "cost": 12435.24,
      "gap_pct": 0.054536112352424844,
      "found_optimal": false,
      "valid_frac": 0.00014
    },
    "reps=2_ADAM_maxiter=30|P2\u2192P1": {
      "cost": 3981.3420000000006,
      "gap_pct": 2.284392302326523e-14,
      "found_optimal": true,
      "valid_frac": 0.00032
    },
    "reps=2_ADAM_maxiter=30|P2\u2192P3": {
      "cost": 24844.297,
      "gap_pct": 15.815891853751882,
      "found_optimal": false,
      "valid_frac": 0.00018
    },
    "reps=2_ADAM_maxiter=30|P2\u2192P4": {
      "cost": 16008.183,
      "gap_pct": 4.742302726134605,
      "found_optimal": false,
      "valid_frac": 0.0001
    },
    "reps=2_ADAM_maxiter=30|P2\u2192P5": {
      "cost": 13042.934000000001,
      "gap_pct": 4.944071116764083,
      "found_optimal": false,
      "valid_frac": 0.0003
    },
    "reps=2_ADAM_maxiter=30|P3\u2192P1": {
      "cost": 4152.249,
      "gap_pct": 4.292698291179209,
      "found_optimal": false,
      "valid_frac": 0.00022
    },
    "reps=2_ADAM_maxiter=30|P3\u2192P2": {
      "cost": 6414.78,
      "gap_pct": 1.1023130606918314,
      "found_optimal": false,
      "valid_frac": 0.00022
    },
    "reps=2_ADAM_maxiter=30|P3\u2192P4": {
      "cost": 16138.190999999999,
      "gap_pct": 5.5929512533796455,
      "found_optimal": false,
      "valid_frac": 0.00026
    },
    "reps=2_ADAM_maxiter=30|P3\u2192P5": {
      "cost": 12632.207999999999,
      "gap_pct": 1.639350066001709,
      "found_optimal": false,
      "valid_frac": 0.00026
    },
    "reps=2_ADAM_maxiter=30|P4\u2192P1": {
      "cost": 3981.3419999999996,
      "gap_pct": 0.0,
      "found_optimal": true,
      "valid_frac": 0.00022
    },
    "reps=2_ADAM_maxiter=30|P4\u2192P2": {
      "cost": 6379.812,
      "gap_pct": 0.5511880520233725,
      "found_optimal": false,
      "valid_frac": 0.00018
    },
    "reps=2_ADAM_maxiter=30|P4\u2192P3": {
      "cost": 22622.843,
      "gap_pct": 5.460208365421169,
      "found_optimal": false,
      "valid_frac": 0.00014
    },
    "reps=2_ADAM_maxiter=30|P4\u2192P5": {
      "cost": 12435.24,
      "gap_pct": 0.054536112352424844,
      "found_optimal": false,
      "valid_frac": 0.00014
    },
    "reps=2_ADAM_maxiter=30|P5\u2192P1": {
      "cost": 3981.3419999999996,
      "gap_pct": 0.0,
      "found_optimal": true,
      "valid_frac": 0.0003
    },
    "reps=2_ADAM_maxiter=30|P5\u2192P2": {
      "cost": 6920.473,
      "gap_pct": 9.072458879971753,
      "found_optimal": false,
      "valid_frac": 0.00032
    },
    "reps=2_ADAM_maxiter=30|P5\u2192P3": {
      "cost": 23088.606,
      "gap_pct": 7.63144135452442,
      "found_optimal": false,
      "valid_frac": 0.00022
    },
    "reps=2_ADAM_maxiter=30|P5\u2192P4": {
      "cost": 16138.190999999999,
      "gap_pct": 5.5929512533796455,
      "found_optimal": false,
      "valid_frac": 0.0003
    }
  }
}